user,total_logins,avg_login_hour,std_login_hour,after_hours_logins,weekend_logins,unique_pcs,login_days_span,after_hours_ratio,weekend_ratio
AAE0190,346,8.0,0.0,0,0,1,497,0.0,0.0
AAF0535,164,8.5,0.5015313971540448,0,0,1,232,0.0,0.0
AAF0791,346,8.0,0.0,0,0,1,497,0.0,0.0
AAL0706,346,7.0,0.0,0,0,1,497,0.0,0.0
AAM0658,229,8.83406113537118,1.134959468988243,5,1,1,316,0.021834061135371178,0.004366812227074236
AAN0823,346,8.0,0.0,0,0,1,497,0.0,0.0
AAS0442,86,9.36046511627907,2.351033768605154,0,0,1,67,0.0,0.0
AAV0450,346,7.540462427745664,0.49908184107567,0,0,1,497,0.0,0.0
AAW0353,346,7.523121387283237,0.500188454055313,0,0,1,497,0.0,0.0
ABC0174,533,9.151969981238274,2.5066417156878447,0,83,1,356,0.0,0.15572232645403378
ABC0253,617,9.144246353322528,2.526535175128096,0,0,1,497,0.0,0.0
ABH0663,346,7.0,0.0,0,0,1,497,0.0,0.0
ABM0845,633,10.074249605055293,2.440919062152303,0,0,2,497,0.0,0.0
ABN0239,613,9.484502446982056,2.3469848454520497,0,0,1,497,0.0,0.0
ACC0042,1362,10.604992657856094,7.4473654440518,511,0,618,497,0.3751835535976505,0.0
ACV0812,770,10.735064935064935,4.331808928306585,57,5,2,497,0.07402597402597402,0.006493506493506494
ADC0391,622,9.504823151125402,2.345889450010227,0,0,1,497,0.0,0.0
ADD0846,346,8.0,0.0,0,0,1,497,0.0,0.0
ADF0397,346,7.523121387283237,0.5001884540553129,0,0,1,497,0.0,0.0
AES0827,346,8.0,0.0,0,0,1,496,0.0,0.0
AGB0186,346,7.0,0.0,0,0,1,497,0.0,0.0
AGB0643,346,9.0,0.0,0,0,1,497,0.0,0.0
AHC0142,755,9.117880794701987,2.3859971165978306,0,66,3,499,0.0,0.08741721854304636
AHD0848,731,10.325581395348838,2.735487642262064,0,55,22,497,0.0,0.07523939808481532
AHG0634,294,10.931972789115646,2.4485417097481705,2,0,2,224,0.006802721088435374,0.0
AHM0410,725,9.995862068965517,2.859748179378219,0,6,3,497,0.0,0.008275862068965517
AIB0948,741,8.954116059379217,2.398321469903171,0,0,34,497,0.0,0.0
AIH0675,346,7.531791907514451,0.49971089907961735,0,0,1,497,0.0,0.0
AIM0627,346,7.566473988439307,0.49627919405499193,0,0,1,497,0.0,0.0
AIP0394,643,9.398133748055988,3.0335809424026428,23,3,1,497,0.03576982892690513,0.004665629860031105
AIP0982,636,9.199685534591195,2.561261972755181,0,0,2,497,0.0,0.0
AIS0405,346,7.526011560693641,0.5000460731055506,0,0,1,497,0.0,0.0
AJC0840,346,8.0,0.0,0,0,1,496,0.0,0.0
AJD0074,750,8.710666666666667,2.5489113010557576,0,74,2,497,0.0,0.09866666666666667
AJF0370,1777,11.254361283061339,6.711184220196841,529,77,661,497,0.29769274057400114,0.04333145751266179
AJH0175,405,8.019753086419753,4.01477530267411,34,0,1,496,0.08395061728395062,0.0
AJL0462,652,9.558282208588958,3.200130871957479,27,2,1,497,0.04141104294478527,0.003067484662576687
AJN0607,721,9.855755894590846,2.5897765382572233,0,0,2,497,0.0,0.0
AJP0723,346,7.0,0.0,0,0,1,497,0.0,0.0
AJR0319,812,9.172413793103448,2.500274231313448,0,181,1,498,0.0,0.2229064039408867
AJR0932,199,7.100502512562814,1.4770807097018948,3,0,1,275,0.01507537688442211,0.0
AKC0924,346,8.0,0.0,0,0,1,497,0.0,0.0
AKF0709,346,7.0,0.0,0,0,1,497,0.0,0.0
AKH0758,346,8.0,0.0,0,0,1,497,0.0,0.0
AKK0329,346,7.0,0.0,0,0,1,497,0.0,0.0
AKR0057,419,9.615751789976134,2.6317603938771246,0,0,13,330,0.0,0.0
AKW0167,346,7.0,0.0,0,0,1,496,0.0,0.0
ALB0892,235,9.0,0.0,0,58,1,251,0.0,0.24680851063829787
ALC0788,346,8.0,0.0,0,0,1,496,0.0,0.0
ALD0529,622,10.570739549839228,2.423179616162472,0,0,1,497,0.0,0.0
ALD0544,346,7.514450867052023,0.5005149396624771,0,0,1,496,0.0,0.0
ALH0402,346,7.554913294797688,0.497695114746996,0,0,1,497,0.0,0.0
AMD0077,346,7.0,0.0,0,0,1,497,0.0,0.0
AMH0464,346,7.511560693641618,0.5005902522557054,0,0,1,497,0.0,0.0
AMH0794,346,8.0,0.0,0,0,1,497,0.0,0.0
AMJ0297,346,8.531791907514451,0.49971089907961724,0,0,1,497,0.0,0.0
AMM0014,346,7.0,0.0,0,0,1,497,0.0,0.0
AMR0318,641,9.260530421216849,3.0257982985013605,12,2,1,497,0.0187207488299532,0.0031201248049922
AMR0400,346,7.546242774566474,0.49857802321953265,0,0,1,497,0.0,0.0
AMV0036,346,7.0,0.0,0,0,1,497,0.0,0.0
AMW0392,804,9.522388059701493,2.3626918115615805,0,177,1,499,0.0,0.22014925373134328
ANM0123,50,10.4,3.016958868848982,0,0,2,32,0.0,0.0
ANP0555,346,7.557803468208093,0.49736677813052305,0,0,1,497,0.0,0.0
ANT0430,651,9.697388632872503,2.4643256405309524,0,0,3,497,0.0,0.0
AOB0019,346,7.531791907514451,0.4997108990796175,0,0,1,497,0.0,0.0
AOK0844,746,10.328418230563003,3.040782646850202,14,209,15,386,0.01876675603217158,0.2801608579088472
AOS0987,709,11.362482369534556,2.6242679988337416,0,0,3,497,0.0,0.0
APG0307,346,8.53757225433526,0.49930839325588405,0,0,1,496,0.0,0.0
AQD0820,346,8.0,0.0,0,0,1,497,0.0,0.0
ARA0252,617,9.508914100486225,2.357703928065288,0,0,1,497,0.0,0.0
ARB0834,211,8.0,0.0,0,0,1,298,0.0,0.0
ARB0881,346,9.0,0.0,0,0,1,497,0.0,0.0
ARD0509,362,8.701657458563536,1.1671626764788485,0,0,3,497,0.0,0.0
ARL0034,346,7.0,0.0,0,0,1,497,0.0,0.0
ASB0796,265,8.0,0.0,0,0,1,381,0.0,0.0
ASD0577,346,8.0,0.0,0,0,1,496,0.0,0.0
ASG0048,346,7.528901734104046,0.4998868934647652,0,0,1,497,0.0,0.0
ASG0692,346,8.508670520231213,0.5006488208845216,0,0,1,497,0.0,0.0
ASL0378,620,9.614516129032259,2.445816498399425,0,0,1,497,0.0,0.0
ASM0575,621,10.07890499194847,2.42471603106044,0,0,1,497,0.0,0.0
ASS0206,346,7.0,0.0,0,0,1,497,0.0,0.0
ASS0517,615,10.507317073170732,2.3551582701544205,0,0,1,497,0.0,0.0
ASV0946,610,8.922950819672131,2.3169889754143074,0,0,1,497,0.0,0.0
ATE0869,903,9.256921373200443,2.774286876552578,8,250,4,499,0.008859357696566999,0.2768549280177187
ATF0274,346,7.0,0.0,0,0,1,497,0.0,0.0
ATP0662,766,10.704960835509139,3.750959990207484,52,48,2,497,0.06788511749347259,0.06266318537859007
AVM0947,375,7.101333333333334,0.8013179874020343,0,0,30,497,0.0,0.0
AWM0764,346,8.0,0.0,0,0,1,497,0.0,0.0
BAH0875,465,8.019354838709678,4.419984447246883,52,5,3,496,0.11182795698924732,0.010752688172043012
BAJ0654,388,9.987113402061855,2.973150986435155,0,0,42,497,0.0,0.0
BAK0964,346,7.0,0.0,0,0,1,497,0.0,0.0
BAL0044,1709,10.769455822118198,6.78859275295873,523,2,628,497,0.30602691632533646,0.0011702750146284377
BAM0611,611,9.515548281505728,2.3907616905893536,0,0,1,497,0.0,0.0
BAM0636,346,9.0,0.0,0,0,1,497,0.0,0.0
BBG0325,643,9.188180404354588,2.5339532887534166,0,0,2,497,0.0,0.0
BBH0810,346,8.0,0.0,0,0,1,497,0.0,0.0
BBS0039,663,10.481146304675717,7.5485852627826295,256,0,385,221,0.3861236802413273,0.0
BBS0422,498,8.265060240963855,3.9127846090433,48,69,3,497,0.0963855421686747,0.13855421686746988
BCB0679,577,9.731369150779896,2.457048470151062,0,0,3,403,0.0,0.0
BCM0653,346,9.0,0.0,0,0,1,497,0.0,0.0
BCR0581,692,10.57514450867052,2.9650868807904267,0,0,3,497,0.0,0.0
BDB0453,400,8.0275,3.5074919814591157,36,0,1,497,0.09,0.0
BDI0533,862,10.59860788863109,2.384892035839149,0,187,2,499,0.0,0.21693735498839908
BDV0168,170,7.094117647058823,1.4194217458479867,3,0,1,233,0.01764705882352941,0.0
BEC0505,346,8.0,0.0,0,0,1,496,0.0,0.0
BEH0615,690,9.720289855072464,2.562149389665294,0,2,22,497,0.0,0.002898550724637681
BER0314,346,7.0,0.0,0,0,1,497,0.0,0.0
BHC0665,463,9.088552915766739,2.313787645696987,0,0,3,497,0.0,0.0
BHW0458,346,7.511560693641618,0.5005902522557047,0,0,1,497,0.0,0.0
BIH0745,148,7.662162162162162,1.6016745236305012,2,0,1,204,0.013513513513513514,0.0
BIS0247,664,9.52710843373494,3.330355845492489,34,6,1,497,0.05120481927710843,0.009036144578313253
BJH0354,346,8.0,0.0,0,0,1,497,0.0,0.0
BJH0811,346,8.0,0.0,0,0,1,496,0.0,0.0
BJM0111,442,8.766968325791856,3.060611345551453,49,34,1,497,0.11085972850678733,0.07692307692307693
BJP0134,615,10.538211382113822,2.4630335472581564,0,0,6,497,0.0,0.0
BJW0619,346,7.572254335260116,0.4954682797975053,0,0,1,497,0.0,0.0
BKW0374,1358,10.622974963181148,7.258007707961923,514,0,620,497,0.3784977908689249,0.0
BLB0114,696,11.186781609195402,2.4435256963035665,0,0,2,497,0.0,0.0
BLL0929,346,7.0,0.0,0,0,1,497,0.0,0.0
BLS0678,366,9.612021857923498,2.6092076705417817,2,0,1,284,0.00546448087431694,0.0
BMC0547,346,7.5491329479768785,0.4983007062686206,0,0,1,497,0.0,0.0
BMG0917,638,9.989028213166144,2.833119663732912,14,3,1,497,0.0219435736677116,0.004702194357366771
BMM0112,346,9.0,0.0,0,0,1,497,0.0,0.0
BMS0877,126,7.0,0.0,0,0,1,177,0.0,0.0
BMT0528,372,8.741935483870968,1.0930135971657682,0,0,2,496,0.0,0.0
BNG0237,609,9.507389162561577,2.407573285751429,0,0,1,497,0.0,0.0
BNR0965,616,8.915584415584416,2.275214772176263,0,0,1,497,0.0,0.0
BQS0525,56,9.178571428571429,1.869439807751294,0,16,8,48,0.0,0.2857142857142857
BRB0355,949,10.827186512118018,2.541150481163827,0,214,3,499,0.0,0.22550052687038988
BRM0995,642,11.19626168224299,2.6908497599523353,0,0,4,497,0.0,0.0
BRS0734,110,7.4818181818181815,0.5019561401545615,0,17,1,130,0.0,0.15454545454545454
BSA0431,346,7.534682080924855,0.49951807217717265,0,0,1,497,0.0,0.0
BSB0990,346,7.0,0.0,0,0,1,497,0.0,0.0
BSH0445,346,7.520231213872832,0.5003140506559252,0,0,1,497,0.0,0.0
BSS0369,962,10.799376299376299,7.018355570014873,315,180,504,274,0.32744282744282743,0.18711018711018712
BSS0463,364,7.793956043956044,1.417663758617609,0,0,2,497,0.0,0.0
BTL0226,406,9.70935960591133,2.8483065939396925,5,0,20,302,0.012315270935960592,0.0
BTL0722,346,7.0,0.0,0,0,1,497,0.0,0.0
BTN0061,700,10.34,3.283260530916935,0,0,17,497,0.0,0.0
BTR0403,688,10.295058139534884,3.2941886101489315,0,0,21,497,0.0,0.0
BTS0011,346,7.0,0.0,0,0,1,497,0.0,0.0
BTW0005,466,8.09656652360515,2.3291765615137208,0,0,2,497,0.0,0.0
BVC0790,960,11.015625,3.1978169079951146,38,192,3,498,0.03958333333333333,0.2
BVN0514,118,8.745762711864407,1.1336835105916707,0,0,2,155,0.0,0.0
BWH0813,346,8.0,0.0,0,0,1,497,0.0,0.0
BWP0202,803,9.514321295143214,3.74974401538692,49,7,2,497,0.06102117061021171,0.008717310087173101
BXJ0010,346,7.586705202312139,0.4931379673797264,0,0,1,497,0.0,0.0
BYP0070,238,7.512605042016807,0.5008944947060122,0,0,1,339,0.0,0.0
CAA0612,613,9.507340946166394,2.366437770532128,0,0,1,497,0.0,0.0
CAB0388,610,9.514754098360656,2.390583337071862,0,0,1,497,0.0,0.0
CAB0614,688,9.656976744186046,2.4851953234451827,0,0,15,497,0.0,0.0
CAC0889,60,9.0,0.0,0,0,1,80,0.0,0.0
CAH0936,354,9.03954802259887,2.6459902464621536,2,0,19,242,0.005649717514124294,0.0
CAM0102,346,7.0,0.0,0,0,1,497,0.0,0.0
CAM0681,613,10.499184339314844,2.3574556990166835,0,0,1,497,0.0,0.0
CAN0842,346,8.0,0.0,0,0,1,497,0.0,0.0
CAS0507,735,10.858503401360544,2.6879700599605902,4,0,3,497,0.005442176870748299,0.0
CBB0365,1758,10.96075085324232,6.598851757141848,526,0,634,497,0.2992036405005688,0.0
CBG0398,346,7.502890173410405,0.5007157480716242,0,0,1,497,0.0,0.0
CBG0490,346,8.0,0.0,0,0,1,497,0.0,0.0
CCA0046,804,10.582089552238806,7.447414830545019,278,0,447,284,0.34577114427860695,0.0
CCC0393,346,7.520231213872832,0.5003140506559252,0,0,1,497,0.0,0.0
CCH0182,346,7.0,0.0,0,0,1,497,0.0,0.0
CCH0685,638,10.579937304075235,2.420290729935792,0,0,2,497,0.0,0.0
CCL0068,288,7.513888888888889,0.5006770483805583,0,0,1,414,0.0,0.0
CCM0136,633,10.590837282780411,2.4684806915247646,0,0,2,497,0.0,0.0
CCM0467,346,7.5520231213872835,0.4980064134824464,0,0,1,497,0.0,0.0
CCM0855,346,7.0,0.0,0,0,1,497,0.0,0.0
CCR0863,346,7.0,0.0,0,0,1,497,0.0,0.0
CCW0031,346,7.0,0.0,0,0,1,497,0.0,0.0
CCW0524,346,8.520231213872833,0.5003140506559255,0,0,1,497,0.0,0.0
CEB0210,346,7.0,0.0,0,0,1,497,0.0,0.0
CEJ0109,318,9.0,0.0,0,0,1,455,0.0,0.0
CEL0561,615,10.49430894308943,2.328036905364149,0,0,1,497,0.0,0.0
CFG0959,437,7.954233409610984,2.318199172657645,0,0,2,497,0.0,0.0
CFM0767,682,10.239002932551319,3.3490179861202654,25,0,7,497,0.036656891495601175,0.0
CFW0264,60,7.0,0.0,0,0,1,81,0.0,0.0
CGA0629,346,7.528901734104046,0.4998868934647652,0,0,1,497,0.0,0.0
CGB0637,610,10.89016393442623,2.283531741504963,0,0,1,497,0.0,0.0
CGF0337,346,7.0,0.0,0,0,1,497,0.0,0.0
CHG0146,346,8.0,0.0,0,0,1,497,0.0,0.0
CHM0821,749,11.088117489986649,3.6472435283596845,9,0,3,497,0.012016021361815754,0.0
CIG0052,346,8.0,0.0,0,0,1,497,0.0,0.0
CIM0271,634,8.970031545741325,2.3211475750916835,0,0,3,497,0.0,0.0
CIM0926,230,8.043478260869565,0.659380473395787,0,0,2,323,0.0,0.0
CJC0494,346,8.0,0.0,0,0,1,496,0.0,0.0
CJF0802,679,9.863033873343152,3.2588120042113373,37,4,2,497,0.054491899852724596,0.005891016200294551
CJG0470,346,7.554913294797688,0.49769511474699657,0,0,1,497,0.0,0.0
CJH0702,346,7.0,0.0,0,0,1,496,0.0,0.0
CJK0200,346,7.0,0.0,0,0,1,497,0.0,0.0
CJM0138,346,8.54335260115607,0.4988383926470792,0,0,1,496,0.0,0.0
CJM0521,464,8.519396551724139,0.5001628914674123,0,113,1,499,0.0,0.2435344827586207
CJP0952,653,9.096477794793262,2.7270857664358434,5,1,2,497,0.007656967840735069,0.0015313935681470138
CJV0286,617,10.905996758508914,2.2536218367566376,0,0,1,497,0.0,0.0
CKB0427,346,7.5520231213872835,0.498006413482446,0,0,1,497,0.0,0.0
CKB0482,346,8.0,0.0,0,0,1,497,0.0,0.0
CKD0680,346,7.540462427745664,0.4990818410756698,0,0,1,497,0.0,0.0
CKH0144,346,7.0,0.0,0,0,1,497,0.0,0.0
CKP0721,346,7.0,0.0,0,0,1,497,0.0,0.0
CLB0774,424,8.57311320754717,3.919923495950412,42,7,1,497,0.09905660377358491,0.01650943396226415
CLD0894,346,9.0,0.0,0,0,1,497,0.0,0.0
CLF0852,737,9.64450474898236,2.9407325516841003,0,0,3,497,0.0,0.0
CLH0703,346,7.0,0.0,0,0,1,497,0.0,0.0
CLS0296,346,8.50578034682081,0.500690651424836,0,0,1,497,0.0,0.0
CMB0912,860,9.074418604651163,2.4230262323357383,0,140,46,498,0.0,0.16279069767441862
CMM0487,346,8.0,0.0,0,0,1,497,0.0,0.0
CMS0454,346,7.508670520231214,0.5006488208845221,0,0,1,497,0.0,0.0
CMW0783,346,8.0,0.0,0,0,1,497,0.0,0.0
CNB0900,346,9.0,0.0,0,0,1,497,0.0,0.0
CNE0352,346,7.497109826589595,0.5007157480716247,0,0,1,497,0.0,0.0
CNM0800,346,8.0,0.0,0,0,1,497,0.0,0.0
COF0120,298,8.590604026845638,2.486362596348821,28,5,1,375,0.09395973154362416,0.016778523489932886
COM0321,346,7.0,0.0,0,0,1,496,0.0,0.0
CPG0322,503,8.059642147117296,2.182057736931758,0,0,35,497,0.0,0.0
CQH0701,617,9.103727714748784,2.490032541074617,0,0,1,497,0.0,0.0
CQH0730,346,7.531791907514451,0.4997108990796174,0,0,1,497,0.0,0.0
CQW0652,327,9.0,0.0,0,0,1,468,0.0,0.0
CRD0624,50,8.7,3.939594923753622,3,0,1,60,0.06,0.0
CRK0916,627,9.864433811802233,2.824322948640249,17,4,1,497,0.02711323763955343,0.006379585326953748
CRO0027,642,10.853582554517134,2.4924963083840828,8,2,3,497,0.012461059190031152,0.003115264797507788
CRP0456,346,7.5491329479768785,0.4983007062686205,0,0,1,496,0.0,0.0
CSB0080,346,7.53757225433526,0.49930839325588433,0,0,1,497,0.0,0.0
CSC0217,467,10.419700214132762,7.434656515704146,169,0,289,158,0.3618843683083512,0.0
CSH0626,801,9.747815230961299,3.566696419071537,39,87,3,497,0.04868913857677903,0.10861423220973783
CSJ0340,346,7.0,0.0,0,0,1,497,0.0,0.0
CSL0949,346,7.0,0.0,0,0,1,497,0.0,0.0
CSP0197,743,10.271870794078062,2.524030624308617,0,0,2,497,0.0,0.0
CTA0020,639,9.713615023474178,2.540762217878528,0,0,4,497,0.0,0.0
CTR0341,996,9.209839357429718,3.7264697042348383,70,277,3,499,0.07028112449799197,0.2781124497991968
CTR0697,613,9.117455138662317,2.605782668800321,2,0,1,497,0.0032626427406199023,0.0
CTW0500,346,8.0,0.0,0,0,1,497,0.0,0.0
CUD0795,346,8.0,0.0,0,0,1,497,0.0,0.0
CWB0065,731,9.143638850889193,2.370456843044209,0,0,2,497,0.0,0.0
CWR0502,696,10.10344827586207,2.4355141345266382,0,0,2,497,0.0,0.0
CXC0336,346,7.0,0.0,0,0,1,497,0.0,0.0
CYA0506,105,8.447619047619048,0.4996335653593536,0,0,1,148,0.0,0.0
DAG0558,346,8.546242774566474,0.49857802321953254,0,0,1,497,0.0,0.0
DAL0673,629,9.57074721780604,2.4015990389657467,0,0,3,497,0.0,0.0
DAR0885,58,10.189655172413794,4.049937823008636,5,17,5,36,0.08620689655172414,0.29310344827586204
DBB0384,346,7.497109826589595,0.5007157480716244,0,0,1,496,0.0,0.0
DBG0261,346,7.0,0.0,0,0,1,497,0.0,0.0
DBS0235,374,8.018716577540108,2.172746735176566,0,0,29,497,0.0,0.0
DBW0483,345,8.0,0.0,0,0,1,496,0.0,0.0
DCC0160,346,7.0,0.0,0,0,1,496,0.0,0.0
DCH0843,294,7.982993197278912,0.9895615017894908,2,1,1,415,0.006802721088435374,0.003401360544217687
DDA0476,346,8.0,0.0,0,0,1,497,0.0,0.0
DDM0579,346,8.0,0.0,0,0,1,497,0.0,0.0
DEB0782,346,8.0,0.0,0,0,1,497,0.0,0.0
DFH0188,702,9.252136752136753,2.7507933740455695,0,0,3,497,0.0,0.0
DFR0218,1357,10.92262343404569,7.417534608021116,468,0,614,497,0.34487840825350036,0.0
DGF0443,346,7.528901734104046,0.4998868934647654,0,0,1,497,0.0,0.0
DGM0754,29,7.586206896551724,0.5012300141587653,0,0,1,38,0.0,0.0
DGN0480,329,8.0,0.0,0,0,1,470,0.0,0.0
DGW0752,618,9.5,2.362078858041055,0,0,1,497,0.0,0.0
DHM0937,346,7.0,0.0,0,0,1,497,0.0,0.0
DIB0081,340,10.008823529411766,2.673464894296847,0,0,3,228,0.0,0.0
DIB0285,184,9.0,0.0,0,0,1,261,0.0,0.0
DIC0988,346,7.0,0.0,0,0,1,497,0.0,0.0
DID0650,346,9.0,0.0,0,0,1,497,0.0,0.0
DIW0118,739,9.274695534506089,2.526616257111117,0,0,3,497,0.0,0.0
DJB0159,641,9.014040561622465,2.324755912908316,0,0,2,497,0.0,0.0
DJS0682,346,8.56936416184971,0.4958823496384182,0,0,1,497,0.0,0.0
DKB0631,346,9.0,0.0,0,0,1,497,0.0,0.0
DLF0377,346,7.523121387283237,0.500188454055313,0,0,1,496,0.0,0.0
DLH0029,346,7.0,0.0,0,0,1,497,0.0,0.0
DLM0051,856,8.664719626168225,2.485695810832176,0,182,3,498,0.0,0.21261682242990654
DLS0383,603,9.472636815920398,2.3905609328896613,0,0,1,497,0.0,0.0
DMG0358,1655,11.036253776435045,6.779647362777197,521,0,633,497,0.3148036253776435,0.0
DMK0257,715,9.204195804195804,3.807737113088473,57,6,2,497,0.07972027972027972,0.008391608391608392
DMM0623,627,9.527910685805423,2.3921669173994378,0,6,1,497,0.0,0.009569377990430622
DOL0332,346,7.0,0.0,0,0,1,497,0.0,0.0
DOP0562,346,8.49421965317919,0.5006906514248359,0,0,1,497,0.0,0.0
DPM0423,457,8.805251641137856,2.737678695626138,0,0,2,497,0.0,0.0
DPS0262,127,7.6299212598425195,3.5940938094617256,8,2,1,155,0.06299212598425197,0.015748031496062992
DRR0162,256,7.0,0.0,0,0,1,368,0.0,0.0
DRR0242,442,7.520361990950226,0.5001513196906684,0,94,1,497,0.0,0.21266968325791855
DSB0731,346,7.508670520231214,0.5006488208845218,0,0,1,497,0.0,0.0
DSM0591,346,8.0,0.0,0,0,1,496,0.0,0.0
DTP0379,670,9.677611940298508,2.4441028075325426,0,0,4,497,0.0,0.0
DTT0076,346,7.0,0.0,0,0,1,496,0.0,0.0
DVM0265,398,7.321608040201005,1.3114821070122455,0,0,3,497,0.0,0.0
DVW0103,346,7.0,0.0,0,0,1,497,0.0,0.0
DZC0228,346,7.57514450867052,0.495036941308033,0,0,1,497,0.0,0.0
EAH0466,65,9.523076923076923,2.418080930121113,0,0,3,46,0.0,0.0
EBC0390,346,7.5606936416184976,0.49702136986691164,0,0,1,496,0.0,0.0
ECF0828,211,8.0,0.0,0,0,1,298,0.0,0.0
ECL0930,617,8.985413290113453,2.342738407531192,0,0,1,497,0.0,0.0
ECR0822,346,8.0,0.0,0,0,1,497,0.0,0.0
EDA0684,44,9.863636363636363,4.112323561442579,3,0,2,45,0.06818181818181818,0.0
EDB0714,242,7.0,0.0,0,0,1,345,0.0,0.0
EFS0882,346,9.0,0.0,0,0,1,497,0.0,0.0
EGD0132,189,8.534391534391535,0.5001406984297764,0,0,1,268,0.0,0.0
EGD0409,248,9.491935483870968,2.356817890868873,0,0,1,198,0.0,0.0
EGK0893,346,9.0,0.0,0,0,1,497,0.0,0.0
EHB0420,991,10.082744702320888,3.7531421091297514,60,189,3,498,0.060544904137235116,0.19071644803229063
EHB0824,164,8.189024390243903,1.7604033348190282,1,0,1,225,0.006097560975609756,0.0
EHD0584,401,10.239401496259351,2.8648810866941306,4,1,3,297,0.00997506234413965,0.0024937655860349127
EHR0096,346,7.0,0.0,0,0,1,497,0.0,0.0
EIM0156,346,6.589595375722543,0.4926195679255867,0,0,1,497,0.0,0.0
EIP0997,346,8.0,0.0,0,0,1,497,0.0,0.0
EIS0041,1661,10.877784467188441,6.89369321719459,525,0,622,497,0.3160746538229982,0.0
EJW0884,345,9.0,0.0,0,0,1,497,0.0,0.0
ELB0847,381,8.855643044619423,2.7544511190043632,0,0,3,497,0.0,0.0
ELH0960,346,7.0,0.0,0,0,1,497,0.0,0.0
ELT0769,346,8.0,0.0,0,0,1,497,0.0,0.0
EMB0531,619,10.51534733441034,2.4291261897707717,0,0,1,497,0.0,0.0
EMS0317,346,7.0,0.0,0,0,1,496,0.0,0.0
EMW0105,346,9.0,0.0,0,0,1,496,0.0,0.0
EMW0772,361,8.18005540166205,1.0100830533673484,0,0,3,497,0.0,0.0
ENC0234,483,9.679089026915113,2.5479870824938837,0,0,2,373,0.0,0.0
ENL0100,346,7.0,0.0,0,0,1,496,0.0,0.0
EPW0434,346,7.517341040462428,0.5004228755450428,0,0,1,497,0.0,0.0
ERH0449,346,7.520231213872832,0.5003140506559253,0,0,1,497,0.0,0.0
ESA0642,346,9.0,0.0,0,0,1,497,0.0,0.0
ESH0135,346,8.552023121387283,0.4980064134824463,0,0,1,497,0.0,0.0
ESH0283,381,9.619422572178477,2.0962474448190056,0,0,35,497,0.0,0.0
ESJ0670,515,7.916504854368932,1.427502041769659,0,129,3,499,0.0,0.2504854368932039
ESR0693,192,9.15625,1.9964792308891486,0,0,2,239,0.0,0.0
ETR0177,346,8.0,0.0,0,0,1,497,0.0,0.0
ETR0428,417,8.30695443645084,2.1431407982426283,0,0,3,497,0.0,0.0
EWH0191,613,9.021207177814029,2.39372965841915,0,0,1,497,0.0,0.0
EZH0736,346,7.53757225433526,0.49930839325588416,0,0,1,497,0.0,0.0
EZT0640,733,11.784447476125512,3.130569943488927,0,0,2,497,0.0,0.0
FAW0032,354,7.245762711864407,1.6245449518173831,0,0,1,497,0.0,0.0
FBA0348,348,8.063218390804598,0.832705384661053,0,0,1,497,0.0,0.0
FBW0747,398,7.889447236180905,1.6271745213411068,0,20,3,497,0.0,0.05025125628140704
FDE0117,346,8.0,0.0,0,0,1,497,0.0,0.0
FEB0306,700,10.718571428571428,2.491633660796003,0,0,2,497,0.0,0.0
FFC0891,453,11.207505518763798,3.1687406005991403,16,2,2,277,0.03532008830022075,0.004415011037527594
FGW0853,455,7.898901098901099,3.9610853345569272,49,5,4,497,0.1076923076923077,0.01098901098901099
FHO0630,346,7.5,0.5007241133410286,0,0,1,497,0.0,0.0
FHS0837,346,8.0,0.0,0,0,1,497,0.0,0.0
FIR0920,439,9.316628701594533,2.9766935667168095,0,0,2,497,0.0,0.0
FKB0163,346,7.0,0.0,0,0,1,497,0.0,0.0
FKK0055,856,10.094626168224298,2.44119980097359,0,213,3,499,0.0,0.2488317757009346
FLM0213,345,7.0,0.0,0,0,1,497,0.0,0.0
FMG0527,274,8.733576642335766,1.5613827520822818,1,0,1,388,0.0036496350364963502,0.0
FOB0756,912,10.326754385964913,2.49315796838158,0,159,2,499,0.0,0.17434210526315788
FPC0954,346,7.0,0.0,0,0,1,497,0.0,0.0
FQA0854,351,7.065527065527066,0.7587449740814998,0,0,6,497,0.0,0.0
FRB0023,346,7.0,0.0,0,0,1,497,0.0,0.0
FRL0511,346,8.546242774566474,0.4985780232195329,0,0,1,496,0.0,0.0
FRR0832,346,8.0,0.0,0,0,1,497,0.0,0.0
FSB0399,335,7.540298507462687,0.49911889475910437,0,0,1,479,0.0,0.0
FSC0601,324,7.7407407407407405,1.1297034080508375,0,0,2,438,0.0,0.0
FTM0406,249,7.485943775100401,1.1573760701663722,2,0,1,350,0.008032128514056224,0.0
FUM0015,346,8.0,0.0,0,0,1,496,0.0,0.0
FWM0707,374,7.286096256684492,1.295887184104762,0,0,3,497,0.0,0.0
FXF0957,346,7.0,0.0,0,0,1,496,0.0,0.0
GAF0060,346,7.546242774566474,0.49857802321953276,0,0,1,497,0.0,0.0
GAF0570,633,10.655608214849922,2.5336103320392334,0,0,21,497,0.0,0.0
GBM0603,322,7.546583850931677,0.49860004084965714,0,0,1,462,0.0,0.0
GCC0744,346,7.514450867052023,0.500514939662477,0,0,1,497,0.0,0.0
GCC0945,346,7.0,0.0,0,0,1,496,0.0,0.0
GCG0951,656,8.989329268292684,2.2631887606264818,0,0,2,497,0.0,0.0
GCL0016,719,9.609179415855355,2.457204578302631,0,77,3,497,0.0,0.1070931849791377
GCR0554,346,7.528901734104046,0.4998868934647653,0,0,1,496,0.0,0.0
GCS0518,346,8.578034682080926,0.4945882889891967,0,0,1,497,0.0,0.0
GCS0571,629,10.109697933227345,2.5007740338709086,0,0,2,497,0.0,0.0
GDF0704,643,9.297045101088647,2.6144411986984553,0,0,3,497,0.0,0.0
GHH0288,404,9.143564356435643,2.406398247253342,6,2,3,497,0.01485148514851485,0.0049504950495049506
GHL0460,232,7.560344827586207,1.1380000160032278,2,0,1,324,0.008620689655172414,0.0
GJD0298,346,8.54913294797688,0.49830070626862044,0,0,1,497,0.0,0.0
GJT0386,346,7.540462427745664,0.4990818410756698,0,0,1,497,0.0,0.0
GKO0078,744,9.376344086021506,2.681029426021864,0,0,3,497,0.0,0.0
GLR0975,611,9.461538461538462,2.32444111169008,0,0,1,497,0.0,0.0
GMF0738,346,7.517341040462428,0.5004228755450434,0,0,1,497,0.0,0.0
GNS0178,676,8.998520710059172,2.9552209971155583,24,2,2,497,0.03550295857988166,0.0029585798816568047
GNZ0953,616,8.905844155844155,2.254729072124017,0,0,1,497,0.0,0.0
GOK0238,241,7.481327800829876,0.500691085333289,0,0,1,344,0.0,0.0
GQF0659,346,9.0,0.0,0,0,1,497,0.0,0.0
GQP0743,346,7.526011560693641,0.5000460731055507,0,0,1,497,0.0,0.0
GRC0145,346,8.0,0.0,0,0,1,497,0.0,0.0
GRM0868,346,7.0,0.0,0,0,1,496,0.0,0.0
GTD0116,346,9.0,0.0,0,0,1,497,0.0,0.0
GTD0219,490,10.593877551020409,7.406704202439828,186,0,306,165,0.3795918367346939,0.0
GTD0898,346,9.0,0.0,0,0,1,497,0.0,0.0
GZB0469,346,7.517341040462428,0.5004228755450426,0,0,1,497,0.0,0.0
GZC0735,811,9.856966707768187,2.5573443348595823,0,90,2,497,0.0,0.11097410604192355
HAC0282,346,9.0,0.0,0,0,1,496,0.0,0.0
HAD0246,1047,9.811843361986629,3.558569376313158,56,311,2,499,0.05348615090735435,0.29703915950334286
HAH0248,346,7.5491329479768785,0.4983007062686208,0,0,1,497,0.0,0.0
HAH0760,611,9.996726677577742,2.408316687604712,0,0,1,497,0.0,0.0
HAM0985,346,7.0,0.0,0,0,1,496,0.0,0.0
HAV0121,346,9.0,0.0,0,0,1,497,0.0,0.0
HBB0056,346,8.0,0.0,0,0,1,497,0.0,0.0
HBO0413,323,7.504643962848297,0.5007541953376152,0,0,1,463,0.0,0.0
HCC0344,346,7.0,0.0,0,0,1,497,0.0,0.0
HCL0113,346,9.0,0.0,0,0,1,497,0.0,0.0
HCL0651,644,10.986024844720497,2.3821766330492484,0,0,2,497,0.0,0.0
HCM0267,346,7.0,0.0,0,0,1,497,0.0,0.0
HCS0003,346,8.0,0.0,0,0,1,497,0.0,0.0
HCV0478,611,9.926350245499181,2.3151977435806814,0,0,1,497,0.0,0.0
HCW0419,619,9.537964458804524,2.4114941303022808,0,0,1,497,0.0,0.0
HDD0789,346,7.0,0.0,0,0,1,497,0.0,0.0
HDD0806,903,10.333333333333334,2.721489310109567,0,226,26,499,0.0,0.2502768549280177
HDH0928,346,8.0,0.0,0,0,1,497,0.0,0.0
HDJ0446,346,7.523121387283237,0.5001884540553128,0,0,1,497,0.0,0.0
HDL0748,346,7.563583815028902,0.4966588543380252,0,0,1,497,0.0,0.0
HDS0367,1655,11.05619335347432,6.835861675584051,515,0,630,497,0.311178247734139,0.0
HFB0347,264,7.0,0.0,0,7,1,367,0.0,0.026515151515151516
HGG0240,346,7.514450867052023,0.5005149396624773,0,0,1,497,0.0,0.0
HGH0595,346,8.0,0.0,0,0,1,497,0.0,0.0
HGN0287,346,9.0,0.0,0,0,1,496,0.0,0.0
HIA0414,346,7.517341040462428,0.5004228755450428,0,0,1,497,0.0,0.0
HIW0536,346,7.531791907514451,0.49971089907961713,0,0,1,497,0.0,0.0
HJA0018,609,9.495894909688014,2.3959394574309893,0,0,1,497,0.0,0.0
HJB0742,446,9.544843049327355,2.590650058985219,4,0,2,344,0.008968609865470852,0.0
HJS0072,46,9.608695652173912,2.462864284342884,0,2,3,30,0.0,0.043478260869565216
HKB0418,332,7.554216867469879,0.4978021069869747,0,0,1,477,0.0,0.0
HKF0831,346,8.0,0.0,0,0,1,497,0.0,0.0
HKI0171,345,7.0,0.0,0,0,1,497,0.0,0.0
HKR0628,709,9.867418899858956,2.6456278228616954,0,0,3,497,0.0,0.0
HLH0512,501,8.590818363273453,0.915552035081631,0,138,10,499,0.0,0.2754491017964072
HLM0933,346,7.0,0.0,0,0,1,497,0.0,0.0
HMM0108,120,11.616666666666667,2.7930987380012344,0,0,2,74,0.0,0.0
HMW0713,346,7.0,0.0,0,0,1,497,0.0,0.0
HOB0994,346,9.0,0.0,0,0,1,497,0.0,0.0
HPH0075,721,9.553398058252426,2.425041286806979,0,105,1,499,0.0,0.14563106796116504
HPM0986,346,7.0,0.0,0,0,1,497,0.0,0.0
HPR0585,607,9.971993410214168,2.376495147917477,0,0,1,497,0.0,0.0
HRB0351,723,9.752420470262795,2.602120183959373,0,63,38,497,0.0,0.08713692946058091
HRD0635,212,11.372641509433961,3.10446958077937,3,0,12,126,0.014150943396226415,0.0
HRL0540,643,11.217729393468119,2.688245407722462,0,0,2,497,0.0,0.0
HRW0550,346,7.514450867052023,0.5005149396624772,0,0,1,497,0.0,0.0
HSB0196,494,8.080971659919028,1.686818682897509,9,123,1,499,0.018218623481781375,0.24898785425101214
HSD0457,346,7.526011560693641,0.5000460731055507,0,0,1,496,0.0,0.0
HSG0818,619,10.014539579967689,2.3766900455170883,0,0,1,497,0.0,0.0
HSP0290,346,8.540462427745664,0.4990818410756702,0,0,1,497,0.0,0.0
HTF0641,346,9.0,0.0,0,0,1,497,0.0,0.0
HTH0007,613,8.460032626427406,2.336926784544051,0,0,3,497,0.0,0.0
HVB0037,403,7.0,0.0,0,52,1,499,0.0,0.12903225806451613
HVF0067,637,9.601255886970172,2.4701739668608904,0,0,17,497,0.0,0.0
HWH0646,629,10.945945945945946,2.2784514527527713,0,0,1,497,0.0,0.0
HWM0342,365,7.257534246575342,1.3236975568604172,0,0,2,497,0.0,0.0
HWW0436,745,10.04026845637584,2.9970397460931775,6,1,3,497,0.008053691275167786,0.0013422818791946308
HWY0038,449,11.097995545657016,7.465648742859918,164,0,285,151,0.36525612472160357,0.0
HXL0968,211,7.0,0.0,0,0,1,298,0.0,0.0
IAR0694,856,11.052570093457945,2.7288011946628576,0,115,3,499,0.0,0.13434579439252337
IAT0263,186,7.0,0.0,0,0,1,263,0.0,0.0
IBB0359,1676,11.180787589498806,6.665492395305076,500,1,604,497,0.29832935560859186,0.0005966587112171838
IBB0696,637,9.232339089481947,2.5763845928688767,0,0,3,497,0.0,0.0
IBM0671,619,9.499192245557351,2.411122285023683,0,0,2,497,0.0,0.0
IBP0883,696,10.87787356321839,3.5998839415492006,42,5,1,497,0.0603448275862069,0.007183908045977011
IBS0836,722,10.052631578947368,2.9512920605439374,19,63,3,497,0.02631578947368421,0.08725761772853186
ICH0294,429,9.561771561771561,2.4521652903598197,0,0,3,497,0.0,0.0
ICS0956,251,7.0,0.0,0,0,1,360,0.0,0.0
IDO0176,346,7.0,0.0,0,0,1,497,0.0,0.0
IEB0153,383,8.140992167101828,0.9549902318193743,0,21,2,496,0.0,0.05483028720626632
IHK0841,346,8.0,0.0,0,0,1,496,0.0,0.0
IIA0092,346,7.0,0.0,0,0,1,496,0.0,0.0
IIL0513,439,8.530751708428246,0.4996228073517761,0,88,1,498,0.0,0.20045558086560364
IIW0249,435,7.917241379310345,2.5916476484598907,17,47,21,498,0.03908045977011494,0.10804597701149425
IJM0139,346,8.53757225433526,0.49930839325588433,0,0,1,497,0.0,0.0
IJM0444,740,9.85,2.830901872675893,8,1,3,497,0.010810810810810811,0.0013513513513513514
IJM0776,171,8.0,0.0,0,0,1,241,0.0,0.0
IJR0825,346,8.0,0.0,0,0,1,497,0.0,0.0
IJW0851,346,7.0491329479768785,0.21645858381105412,0,0,1,497,0.0,0.0
IKP0472,1016,9.916338582677165,2.642936264471149,0,287,2,499,0.0,0.2824803149606299
IKR0401,287,7.515679442508711,0.5006270281947715,0,0,1,413,0.0,0.0
ILC0838,346,8.0,0.0,0,0,1,497,0.0,0.0
ILH0958,737,9.149253731343284,2.4731114032688835,0,0,27,497,0.0,0.0
ILJ0526,813,10.888068880688808,2.5122395627936,0,57,28,497,0.0,0.07011070110701106
ILR0304,346,8.592485549132949,0.4920835984937007,0,0,1,496,0.0,0.0
IMB0481,346,8.0,0.0,0,0,1,496,0.0,0.0
IMG0320,346,7.0,0.0,0,0,1,497,0.0,0.0
IMP0530,346,8.534682080924856,0.4995180721771728,0,0,1,497,0.0,0.0
IRM0931,1063,9.436500470366886,3.1090451513382744,21,271,2,499,0.01975540921919097,0.25493885230479774
IRT0491,346,8.0,0.0,0,0,1,497,0.0,0.0
IUB0565,234,8.547008547008547,0.49885235666114436,0,0,1,333,0.0,0.0
IUY0279,623,11.012841091492778,2.407082686555758,0,0,3,497,0.0,0.0
IWM0816,622,10.05144694533762,2.3897101265904923,0,0,1,497,0.0,0.0
IYB0918,346,8.0,0.0,0,0,1,497,0.0,0.0
JAD0609,438,8.490867579908675,2.3305077821089886,0,0,3,497,0.0,0.0
JAJ0849,905,10.373480662983425,3.316251805171078,27,184,3,498,0.02983425414364641,0.20331491712707184
JAM0382,346,7.5491329479768785,0.4983007062686205,0,0,1,497,0.0,0.0
JAV0361,1384,10.765895953757225,7.406107887983941,535,0,625,497,0.3865606936416185,0.0
JBD0616,640,9.653125,2.470164297944966,0,0,2,497,0.0,0.0
JBM0350,434,8.027649769585253,4.00797939760813,53,4,3,497,0.12211981566820276,0.009216589861751152
JCC0225,1375,10.690181818181818,7.405789537343768,500,0,639,497,0.36363636363636365,0.0
JCG0316,734,9.38283378746594,2.595363613468195,0,0,2,497,0.0,0.0
JCR0172,723,9.145228215767634,2.5229558351081716,0,98,1,499,0.0,0.1355463347164592
JCR0289,346,8.517341040462428,0.5004228755450427,0,0,1,496,0.0,0.0
JCR0770,346,8.0,0.0,0,0,1,496,0.0,0.0
JCR0921,346,8.0,0.0,0,0,1,496,0.0,0.0
JCV0245,346,7.53757225433526,0.49930839325588433,0,0,1,497,0.0,0.0
JCW0858,346,7.0,0.0,0,0,1,496,0.0,0.0
JDB0169,620,9.170967741935485,2.5273551595195918,0,0,1,497,0.0,0.0
JDC0030,894,10.223713646532438,2.578934663487419,0,233,3,499,0.0,0.2606263982102908
JDF0593,805,10.386335403726708,3.625992691225003,41,38,3,497,0.05093167701863354,0.04720496894409938
JER0404,346,7.563583815028902,0.4966588543380257,0,0,1,497,0.0,0.0
JFC0557,615,10.50081300813008,2.368959691928158,0,0,1,497,0.0,0.0
JFC0757,346,8.0,0.0,0,0,1,497,0.0,0.0
JGM0934,624,8.907051282051283,2.2552271987700454,0,0,1,497,0.0,0.0
JGT0221,586,10.704778156996587,7.467757088551251,220,0,368,193,0.37542662116040953,0.0
JHP0583,853,10.40797186400938,3.311671243004449,32,111,3,499,0.03751465416178194,0.13012895662368112
JIG0128,346,8.0,0.0,0,0,1,497,0.0,0.0
JIM0095,346,7.0,0.0,0,0,1,497,0.0,0.0
JJB0127,346,8.0,0.0,0,0,1,497,0.0,0.0
JJB0700,371,7.2803234501347704,1.2679482907714448,0,0,2,497,0.0,0.0
JJH0292,658,10.679331306990882,2.5275766441790672,0,4,3,497,0.0,0.0060790273556231
JJH0613,711,9.827004219409282,2.5546757791551324,0,0,2,497,0.0,0.0
JJM0203,424,9.150943396226415,2.5415412119446383,0,0,2,298,0.0,0.0
JKB0126,345,8.0,0.0,0,0,1,497,0.0,0.0
JKF0465,420,7.535714285714286,0.49931763871311147,0,64,1,499,0.0,0.1523809523809524
JKJ0698,471,7.174097664543525,1.0854198045657124,0,102,31,499,0.0,0.21656050955414013
JKM0303,346,8.534682080924856,0.4995180721771729,0,0,1,497,0.0,0.0
JLM0364,1314,10.585235920852359,7.333786723456853,490,0,598,480,0.3729071537290715,0.0
JLW0053,346,7.517341040462428,0.5004228755450429,0,0,1,497,0.0,0.0
JMB0308,157,7.089171974522293,1.5622788917539001,2,0,1,217,0.012738853503184714,0.0
JMC0925,779,10.3196405648267,3.562408975855702,38,4,5,497,0.04878048780487805,0.005134788189987163
JMD0520,699,10.65379113018598,3.0214651025707737,16,2,36,497,0.022889842632331903,0.002861230329041488
JMH0543,404,9.465346534653465,2.383001657982692,0,0,1,323,0.0,0.0
JMK0099,735,9.39047619047619,2.7020361011161147,0,0,3,497,0.0,0.0
JML0909,621,10.950080515297907,2.2900389121832156,0,0,1,497,0.0,0.0
JMW0638,346,9.0,0.0,0,0,1,497,0.0,0.0
JNA0559,345,8.559420289855073,0.4971777443438573,0,0,1,497,0.0,0.0
JNJ0556,345,8.547826086956523,0.49843029639459524,0,0,1,496,0.0,0.0
JOL0024,346,7.0,0.0,0,0,1,497,0.0,0.0
JOM0750,346,7.57514450867052,0.4950369413080331,0,0,1,497,0.0,0.0
JPA0667,346,7.502890173410405,0.5007157480716244,0,0,1,496,0.0,0.0
JPW0741,346,7.528901734104046,0.49988689346476545,0,0,1,497,0.0,0.0
JRF0835,346,8.0,0.0,0,0,1,497,0.0,0.0
JRG0207,287,7.156794425087108,1.3917140546961295,1,0,1,406,0.003484320557491289,0.0
JRH0455,55,7.490909090909091,0.504524979109513,0,0,1,74,0.0,0.0
JRL0574,346,8.0,0.0,0,0,1,497,0.0,0.0
JRS0362,1388,10.9164265129683,7.351034704695347,496,0,636,497,0.3573487031700288,0.0
JSA0775,346,8.0,0.0,0,0,1,496,0.0,0.0
JSH0330,346,7.0,0.0,0,0,1,497,0.0,0.0
JTM0223,748,10.573529411764707,6.607868811555416,213,0,361,200,0.28475935828877,0.0
JTS0389,423,8.28368794326241,1.999974790604457,0,0,3,496,0.0,0.0
JXH0493,346,8.0,0.0,0,0,1,496,0.0,0.0
JZD0888,346,9.0,0.0,0,0,1,497,0.0,0.0
KAC0124,346,8.0,0.0,0,0,1,497,0.0,0.0
KAL0395,346,7.523121387283237,0.500188454055313,0,0,1,497,0.0,0.0
KAT0270,346,7.0,0.0,0,0,1,497,0.0,0.0
KAT0489,346,8.0,0.0,0,0,1,497,0.0,0.0
KBB0189,346,6.523121387283237,0.500188454055313,0,0,1,496,0.0,0.0
KBC0054,346,8.0,0.0,0,0,1,497,0.0,0.0
KBG0549,650,9.724615384615385,2.538973912179388,0,0,3,497,0.0,0.0
KBL0260,346,7.0,0.0,0,0,1,497,0.0,0.0
KBP0008,733,8.91268758526603,2.6334367428311625,0,0,2,497,0.0,0.0
KBS0874,616,9.167207792207792,2.549598277746987,0,0,1,497,0.0,0.0
KCB0815,625,10.0336,2.3657188423448896,0,0,1,497,0.0,0.0
KCF0045,1390,10.344604316546762,7.316555904528094,504,0,640,497,0.36258992805755397,0.0
KCO0122,719,10.559109874826147,3.5825400316590956,58,5,2,497,0.08066759388038942,0.006954102920723227
KCS0173,685,9.302189781021898,2.5639330154647495,0,0,3,497,0.0,0.0
KDS0349,346,7.520231213872832,0.500314050655925,0,0,1,497,0.0,0.0
KDT0346,622,8.903536977491962,2.2494272731979206,0,0,1,497,0.0,0.0
KES0729,632,9.677215189873417,2.5259828542425597,0,0,3,497,0.0,0.0
KJA0152,346,8.0,0.0,0,0,1,497,0.0,0.0
KJG0910,346,9.0,0.0,0,0,1,497,0.0,0.0
KJJ0293,691,10.727930535455862,2.5070483079422474,0,0,2,497,0.0,0.0
KJM0887,346,9.0,0.0,0,0,1,497,0.0,0.0
KJP0371,1394,10.96987087517934,7.405239340425541,520,0,635,497,0.37302725968436157,0.0
KJS0618,346,7.543352601156069,0.4988383926470794,0,0,1,497,0.0,0.0
KJW0416,346,7.534682080924855,0.4995180721771729,0,0,1,497,0.0,0.0
KKC0683,346,8.540462427745664,0.4990818410756694,0,0,1,497,0.0,0.0
KKS0119,615,8.852032520325203,2.2249455431426814,0,0,1,497,0.0,0.0
KKW0879,451,7.851441241685144,2.9788314499305493,14,37,2,497,0.031042128603104215,0.082039911308204
KLH0596,294,8.08843537414966,1.114136100337592,1,1,1,417,0.003401360544217687,0.003401360544217687
KLM0639,346,9.0,0.0,0,0,1,497,0.0,0.0
KMB0922,728,10.256868131868131,3.6465139764796137,39,5,34,497,0.05357142857142857,0.006868131868131868
KMS0657,346,9.0,0.0,0,0,1,497,0.0,0.0
KMW0545,621,9.557165861513688,2.406717953882915,0,0,1,497,0.0,0.0
KNB0022,346,7.0,0.0,0,0,1,497,0.0,0.0
KNG0672,301,7.5215946843853825,0.5003653150498977,0,0,1,431,0.0,0.0
KNW0644,346,9.0,0.0,0,0,1,496,0.0,0.0
KPC0073,154,7.740259740259741,2.0888912366996797,3,0,1,210,0.01948051948051948,0.0
KPP0452,346,7.546242774566474,0.49857802321953254,0,0,1,497,0.0,0.0
KPR0497,739,10.163734776725304,2.4220050631175942,0,0,2,497,0.0,0.0
KQC0708,346,7.0,0.0,0,0,1,497,0.0,0.0
KQS0415,346,7.528901734104046,0.4998868934647654,0,0,1,497,0.0,0.0
KRG0158,346,6.514450867052023,0.5005149396624767,0,0,1,497,0.0,0.0
KRL0062,346,7.0,0.0,0,0,1,496,0.0,0.0
KRL0501,265,8.0,0.0,0,0,1,381,0.0,0.0
KRM0541,364,7.799450549450549,1.5359421065172667,0,0,19,497,0.0,0.0
KRV0372,1410,10.926241134751773,7.439289607465436,527,0,630,497,0.37375886524822693,0.0
KSH0569,346,8.514450867052023,0.5005149396624767,0,0,1,497,0.0,0.0
KSP0357,945,10.884656084656084,7.265138163531278,339,0,519,338,0.35873015873015873,0.0
KSP0966,346,7.0,0.0,0,0,1,497,0.0,0.0
KTG0091,346,7.0,0.0,0,0,1,497,0.0,0.0
KVS0425,346,7.546242774566474,0.4985780232195327,0,0,1,497,0.0,0.0
KVT0028,346,7.0,0.0,0,0,1,497,0.0,0.0
KWC0004,346,7.534682080924855,0.49951807217717287,0,0,1,497,0.0,0.0
KWE0082,621,9.491143317230273,2.3634315157048746,0,0,1,497,0.0,0.0
LAF0991,613,10.866231647634583,2.2313244532189254,0,0,1,497,0.0,0.0
LAM0911,606,10.033003300330034,2.4357325960227927,0,0,1,497,0.0,0.0
LAP0338,874,8.953089244851258,2.304206189028358,0,241,1,499,0.0,0.2757437070938215
LBC0356,1662,10.968110709987966,6.659758556154038,512,0,636,497,0.30806257521058966,0.0
LBF0214,1015,9.495566502463054,3.4683309494925916,45,232,2,498,0.04433497536945813,0.22857142857142856
LBH0942,819,8.942612942612943,2.2589952784040617,0,199,1,497,0.0,0.24297924297924298
LCB0664,682,9.74633431085044,2.565189947190004,0,0,2,497,0.0,0.0
LCC0819,157,8.0,0.0,0,0,1,221,0.0,0.0
LCD0622,346,7.5520231213872835,0.49800641348244623,0,0,1,497,0.0,0.0
LDB0090,346,7.0,0.0,0,0,1,497,0.0,0.0
LDD0560,50,9.06,3.334482795007958,5,10,3,45,0.1,0.2
LDG0459,714,9.949579831932773,2.7084059253204233,0,0,3,497,0.0,0.0
LDM0587,346,8.0,0.0,0,0,1,497,0.0,0.0
LEM0605,346,7.557803468208093,0.4973667781305227,0,0,1,497,0.0,0.0
LFS0071,346,7.557803468208093,0.4973667781305228,0,0,1,497,0.0,0.0
LHB0606,82,7.512195121951219,0.5029272936438828,0,0,1,113,0.0,0.0
LHB0967,346,7.0,0.0,0,0,1,496,0.0,0.0
LHL0309,346,7.0,0.0,0,0,1,497,0.0,0.0
LHN0151,346,8.0,0.0,0,0,1,497,0.0,0.0
LIM0674,738,9.804878048780488,2.953254635659666,12,20,2,497,0.016260162601626018,0.02710027100271003
LJB0826,346,8.0,0.0,0,0,1,497,0.0,0.0
LJJ0905,366,9.12295081967213,0.7611584773959068,0,0,2,497,0.0,0.0
LJR0523,170,8.447058823529412,1.3631314657688094,3,2,1,234,0.01764705882352941,0.011764705882352941
LJT0817,639,10.112676056338028,2.5132524369477736,0,0,2,497,0.0,0.0
LLV0602,346,7.511560693641618,0.500590252255705,0,0,1,497,0.0,0.0
LMF0980,616,9.006493506493506,2.3876286926449666,0,0,1,497,0.0,0.0
LNR0656,346,9.0,0.0,0,0,1,497,0.0,0.0
LNS0989,702,9.612535612535613,2.9903815582501387,0,0,2,497,0.0,0.0
LOF0311,346,7.0,0.0,0,0,1,497,0.0,0.0
LOM0086,255,9.129411764705882,2.4851760594206875,0,0,2,200,0.0,0.0
LPC0492,372,8.381720430107526,1.5932774024628407,0,0,3,497,0.0,0.0
LPH0572,37,8.0,0.0,0,0,1,50,0.0,0.0
LQC0479,201,8.154228855721392,1.634348349454052,2,0,1,280,0.009950248756218905,0.0
LQP0508,713,10.814866760168304,2.506049538017455,0,0,3,497,0.0,0.0
LRR0148,841,8.819262782401902,2.733941847825548,0,104,3,499,0.0,0.12366230677764566
LRW0970,346,7.0,0.0,0,0,1,497,0.0,0.0
LTS0860,346,7.0,0.0,0,0,1,497,0.0,0.0
LUR0896,403,9.818858560794045,3.7561811992152645,34,3,3,428,0.08436724565756824,0.007444168734491315
MAD0496,118,8.0,0.0,0,23,1,131,0.0,0.19491525423728814
MAD0753,346,7.514450867052023,0.5005149396624771,0,0,1,496,0.0,0.0
MAE0331,346,7.0,0.0,0,0,1,497,0.0,0.0
MAH0149,621,9.993558776167472,2.345886666096388,0,0,1,497,0.0,0.0
MAH0864,346,7.0,0.0,0,0,1,497,0.0,0.0
MAR0955,302,7.043046357615894,1.0973244376354112,3,1,1,424,0.009933774834437087,0.0033112582781456954
MAS0025,206,7.077669902912621,1.5377482453620739,4,0,1,283,0.019417475728155338,0.0
MAW0166,346,7.0,0.0,0,0,1,497,0.0,0.0
MBG0438,235,7.497872340425532,0.5010627004549768,0,0,1,336,0.0,0.0
MBJ0312,642,9.205607476635514,2.530580459481517,0,0,3,497,0.0,0.0
MBR0724,346,7.0,0.0,0,0,1,497,0.0,0.0
MBW0809,30,8.0,0.0,0,0,1,39,0.0,0.0
MCD0125,364,10.5,2.8991306762003597,0,72,2,197,0.0,0.1978021978021978
MCF0327,346,7.0,0.0,0,0,1,497,0.0,0.0
MCF0600,308,8.785714285714286,2.516303285434879,6,54,2,286,0.01948051948051948,0.17532467532467533
MCJ0324,346,7.0,0.0,0,0,1,497,0.0,0.0
MCS0035,346,7.0,0.0,0,0,1,496,0.0,0.0
MCT0720,346,7.0,0.0,0,0,1,497,0.0,0.0
MDH0580,296,8.0,0.0,0,0,1,423,0.0,0.0
MDH0686,845,10.588165680473372,2.4703650306867058,0,201,3,498,0.0,0.2378698224852071
MDM0625,685,9.71094890510949,2.4628134565278197,0,0,2,497,0.0,0.0
MDM0976,346,7.514450867052023,0.5005149396624768,0,0,1,497,0.0,0.0
MES0407,346,7.554913294797688,0.4976951147469963,0,0,1,497,0.0,0.0
MFV0897,346,9.0,0.0,0,0,1,497,0.0,0.0
MGS0974,421,7.866983372921615,1.4197175011445815,0,39,2,497,0.0,0.09263657957244656
MHA0798,346,8.0,0.0,0,0,1,497,0.0,0.0
MHG0244,346,7.508670520231214,0.5006488208845216,0,0,1,497,0.0,0.0
MHG0733,346,7.554913294797688,0.4976951147469963,0,0,1,497,0.0,0.0
MHH0180,485,8.91958762886598,2.2862614822316134,0,65,1,334,0.0,0.13402061855670103
MIB0904,626,10.931309904153355,2.2563851890592064,0,0,1,497,0.0,0.0
MIC0726,346,7.517341040462428,0.5004228755450429,0,0,1,497,0.0,0.0
MIL0255,346,7.0,0.0,0,0,1,497,0.0,0.0
MIM0712,346,7.0,0.0,0,0,1,497,0.0,0.0
MJB0588,346,8.0,0.0,0,0,1,497,0.0,0.0
MJM0510,728,10.875,2.536562078915588,0,0,4,497,0.0,0.0
MJS0890,346,9.0,0.0,0,0,1,497,0.0,0.0
MKG0711,346,7.0,0.0,0,0,1,497,0.0,0.0
MKL0941,346,7.0,0.0,0,0,1,497,0.0,0.0
MKP0861,620,9.15,2.5200488494380653,0,0,1,497,0.0,0.0
MKS0204,346,7.0,0.0,0,0,1,497,0.0,0.0
MKW0441,649,9.542372881355933,2.5570903440065607,7,1,8,497,0.01078582434514638,0.0015408320493066256
MLD0755,610,9.550819672131148,2.4241954263147636,0,0,1,497,0.0,0.0
MLG0475,346,7.5520231213872835,0.4980064134824463,0,0,1,497,0.0,0.0
MLL0598,346,8.0,0.0,0,0,1,497,0.0,0.0
MLM0950,840,9.05952380952381,2.5952702486095762,6,153,3,498,0.007142857142857143,0.18214285714285713
MLP0668,346,7.526011560693641,0.5000460731055508,0,0,1,496,0.0,0.0
MMB0488,310,8.0,0.0,0,0,1,444,0.0,0.0
MMG0943,465,7.516129032258065,1.6635863266068929,0,0,3,497,0.0,0.0
MNC0717,715,9.475524475524475,2.7353689416510387,0,0,3,497,0.0,0.0
MNR0829,346,8.0,0.0,0,0,1,497,0.0,0.0
MNS0224,1413,10.518046709129512,7.50612544047383,544,0,659,497,0.38499646142958244,0.0
MOH0273,401,7.0,0.0,0,53,1,499,0.0,0.13216957605985039
MOP0763,346,8.0,0.0,0,0,1,497,0.0,0.0
MOS0047,895,11.12290502793296,6.8705252223549005,266,0,416,249,0.29720670391061454,0.0
MPM0220,1085,10.914285714285715,7.027950823538154,358,1,456,305,0.32995391705069127,0.0009216589861751152
MPT0376,734,9.720708446866485,2.47325261303178,0,37,3,497,0.0,0.05040871934604905
MSD0939,346,7.0,0.0,0,0,1,496,0.0,0.0
MSG0839,346,8.0,0.0,0,0,1,497,0.0,0.0
MSH0040,1050,10.418095238095239,7.4347146595609646,400,0,540,367,0.38095238095238093,0.0
MSO0222,950,10.413684210526316,7.491366446678651,354,0,490,340,0.3726315789473684,0.0
MSS0001,614,9.48371335504886,2.341670578620595,0,0,1,497,0.0,0.0
MSZ0310,346,7.0,0.0,0,0,1,497,0.0,0.0
MTB0620,626,9.587859424920127,2.3965534357921223,0,0,1,497,0.0,0.0
MTT0901,49,10.755102040816327,2.259522555070152,0,0,1,38,0.0,0.0
MVB0515,712,10.853932584269662,2.522140772642155,0,0,21,497,0.0,0.0
MVF0594,346,8.0,0.0,0,0,1,497,0.0,0.0
MVH0373,247,10.45748987854251,7.3455101168625205,102,0,165,92,0.41295546558704455,0.0
MYD0978,255,7.486274509803922,1.1006475559678168,2,1,1,360,0.00784313725490196,0.00392156862745098
NAB0801,346,8.0,0.0,0,0,1,497,0.0,0.0
NAB0903,346,9.0,0.0,0,0,1,497,0.0,0.0
NAF0033,344,7.0,0.0,0,0,1,493,0.0,0.0
NAF0326,977,9.310133060388946,2.565740091256974,0,218,48,498,0.0,0.22313203684749233
NAH0503,465,8.683870967741935,2.9647821604928843,16,52,2,498,0.034408602150537634,0.11182795698924732
NAR0981,346,7.0,0.0,0,0,1,497,0.0,0.0
NBC0412,349,7.578796561604585,0.5002387204719438,0,0,4,497,0.0,0.0
NBH0256,346,7.0,0.0,0,0,1,497,0.0,0.0
NCE0097,346,7.0,0.0,0,0,1,497,0.0,0.0
NCH0179,346,7.0,0.0,0,0,1,497,0.0,0.0
NCK0295,346,8.511560693641618,0.5005902522557051,0,0,1,497,0.0,0.0
NCK0421,346,7.563583815028902,0.49665885433802537,0,0,1,496,0.0,0.0
NCO0666,622,9.554662379421222,2.3739194436880653,0,0,2,497,0.0,0.0
NDM0417,720,9.95,2.6986320132056147,0,0,2,497,0.0,0.0
NGC0058,492,8.284552845528456,2.5022037544065476,0,101,36,497,0.0,0.20528455284552846
NGF0157,795,8.739622641509435,3.2663273050890567,30,104,2,499,0.03773584905660377,0.13081761006289308
NGO0690,622,10.533762057877814,2.3972578929790145,0,0,1,497,0.0,0.0
NHE0919,612,10.032679738562091,2.4156291448972844,0,0,1,497,0.0,0.0
NHH0185,355,7.177464788732395,1.3569445969874336,0,0,10,497,0.0,0.0
NIH0969,627,8.926634768740032,2.2526609041621515,0,0,2,497,0.0,0.0
NJB0243,376,7.904255319148936,1.5358413038586693,0,0,2,497,0.0,0.0
NJC0705,346,7.0,0.0,0,0,1,497,0.0,0.0
NKH0807,346,8.0,0.0,0,0,1,497,0.0,0.0
NKH0979,722,9.170360110803324,2.4754118743777265,0,0,3,497,0.0,0.0
NKP0236,355,7.72112676056338,1.789321391815457,5,0,1,496,0.014084507042253521,0.0
NLO0131,346,8.531791907514451,0.4997108990796174,0,0,1,497,0.0,0.0
NMB0972,346,7.0,0.0,0,0,1,497,0.0,0.0
NMC0486,346,8.0,0.0,0,0,1,497,0.0,0.0
NMF0780,346,8.0,0.0,0,0,1,496,0.0,0.0
NMG0766,346,8.0,0.0,0,0,1,497,0.0,0.0
NMS0280,454,9.288546255506608,1.4955418964645795,0,89,19,498,0.0,0.1960352422907489
NNA0610,346,7.514450867052023,0.5005149396624773,0,0,1,497,0.0,0.0
NNS0059,346,7.531791907514451,0.49971089907961735,0,0,1,496,0.0,0.0
NOB0181,961,9.290322580645162,2.6547912661199295,0,245,3,499,0.0,0.25494276795005205
NRD0548,306,7.549019607843137,0.4984063319676222,0,0,1,437,0.0,0.0
NRF0137,346,8.488439306358382,0.5005902522557053,0,0,1,497,0.0,0.0
NRO0768,322,8.0,0.0,0,0,1,462,0.0,0.0
NSC0597,363,8.300275482093664,1.5469359953222797,0,0,3,497,0.0,0.0
NSS0876,346,7.0,0.0,0,0,1,497,0.0,0.0
NUL0471,612,9.50326797385621,2.3648384006728036,0,0,1,497,0.0,0.0
NWK0215,853,9.41617819460727,3.404508323672582,28,184,1,499,0.032825322391559206,0.21570926143024619
NWT0098,319,7.0,0.0,0,0,1,457,0.0,0.0
OBH0499,907,10.109151047409041,2.965250185124765,25,173,2,498,0.027563395810363836,0.19073869900771775
OCB0805,346,8.0,0.0,0,0,1,497,0.0,0.0
OCS0865,636,9.24056603773585,2.6113602200350967,0,0,2,497,0.0,0.0
OHC0973,346,7.0,0.0,0,0,1,497,0.0,0.0
OJK0233,346,7.531791907514451,0.4997108990796172,0,0,1,497,0.0,0.0
OKB0439,346,7.520231213872832,0.5003140506559253,0,0,1,497,0.0,0.0
OKC0107,346,9.0,0.0,0,0,1,497,0.0,0.0
OLB0749,98,7.448979591836735,0.49994739887419043,0,0,1,136,0.0,0.0
OLF0504,346,8.0,0.0,0,0,1,496,0.0,0.0
OLW0689,613,10.518760195758565,2.4054113347059767,0,0,1,497,0.0,0.0
OMM0944,346,7.0,0.0,0,0,1,496,0.0,0.0
OMS0101,346,7.0,0.0,0,0,1,497,0.0,0.0
ONL0276,346,7.0,0.0,0,0,1,497,0.0,0.0
ONW0083,346,7.546242774566474,0.49857802321953254,0,0,1,497,0.0,0.0
OQH0183,346,7.0,0.0,0,0,1,497,0.0,0.0
ORB0473,346,7.526011560693641,0.5000460731055506,0,0,1,496,0.0,0.0
ORG0339,346,7.0,0.0,0,0,1,497,0.0,0.0
ORM0669,435,8.32183908045977,2.0438412199998752,0,0,2,497,0.0,0.0
OSH0655,346,9.0,0.0,0,0,1,497,0.0,0.0
OYM0026,377,9.403183023872678,1.5867772943418064,0,0,3,497,0.0,0.0
PAD0773,698,10.250716332378223,2.4893243054309893,0,0,3,497,0.0,0.0
PBP0002,346,7.563583815028902,0.4966588543380254,0,0,1,497,0.0,0.0
PDH0716,651,9.30568356374808,2.6218516565482517,0,0,3,497,0.0,0.0
PDW0259,653,9.122511485451762,2.5681505726394325,0,0,40,497,0.0,0.0
PES0085,614,9.112377850162867,2.4869138511415327,0,0,1,497,0.0,0.0
PEV0323,686,9.341107871720117,3.475499388160761,27,6,3,497,0.03935860058309038,0.008746355685131196
PGC0066,346,7.5491329479768785,0.49830070626862055,0,0,1,497,0.0,0.0
PGH0184,406,8.903940886699507,2.262552745217678,0,0,1,324,0.0,0.0
PGO0433,346,7.526011560693641,0.5000460731055508,0,0,1,497,0.0,0.0
PID0426,451,8.45011086474501,4.157891424603681,45,6,19,497,0.09977827050997783,0.013303769401330377
PIS0522,692,10.696531791907514,2.486511128535484,0,0,3,497,0.0,0.0
PKB0281,346,9.0,0.0,0,0,1,497,0.0,0.0
PKB0429,346,7.546242774566474,0.4985780232195326,0,0,1,497,0.0,0.0
PLH0715,346,7.0,0.0,0,0,1,497,0.0,0.0
PLH0862,346,7.0,0.0,0,0,1,497,0.0,0.0
PMC0328,621,8.977455716586151,2.315336100464999,0,0,1,497,0.0,0.0
PMJ0564,742,10.888140161725067,3.042150056815481,17,1,2,497,0.022911051212938006,0.0013477088948787063
PMV0850,671,10.59612518628912,3.107897961569665,0,0,3,497,0.0,0.0
PNH0761,435,8.52183908045977,3.2889083704135196,33,4,3,497,0.07586206896551724,0.009195402298850575
PNL0301,156,8.512820512820513,0.5014453881071484,0,0,1,219,0.0,0.0
POB0343,346,7.0,0.0,0,0,1,497,0.0,0.0
PPF0435,294,7.619047619047619,1.2575143874265438,1,0,1,415,0.003401360544217687,0.0
PRM0740,346,7.543352601156069,0.49883839264707963,0,0,1,497,0.0,0.0
PSF0133,190,8.505263157894737,0.5012932314788245,0,0,1,269,0.0,0.0
PTH0552,611,9.527004909983633,2.39408575211926,0,0,1,497,0.0,0.0
PTH0830,425,8.0,0.0,0,74,1,497,0.0,0.17411764705882352
QCH0110,305,9.0,0.0,0,0,1,436,0.0,0.0
QJR0688,483,9.865424430641822,2.8431517007264677,0,20,5,497,0.0,0.041407867494824016
QNF0205,346,7.0,0.0,0,0,1,497,0.0,0.0
QNP0216,1407,10.76048329779673,7.497096776699739,506,0,639,497,0.35963041933191187,0.0
QOS0878,248,9.649193548387096,2.8359175758121595,0,55,9,123,0.0,0.2217741935483871
QPM0727,346,7.554913294797688,0.4976951147469966,0,0,1,497,0.0,0.0
QRM0739,365,7.909589041095891,1.6070042758924803,0,0,3,497,0.0,0.0
QSV0778,346,8.0,0.0,0,0,1,497,0.0,0.0
RAB0589,432,10.435185185185185,2.8095731216182447,3,1,9,277,0.006944444444444444,0.0023148148148148147
RAG0275,346,7.0,0.0,0,0,1,497,0.0,0.0
RAH0440,346,7.5491329479768785,0.4983007062686206,0,0,1,497,0.0,0.0
RAM0447,806,9.583126550868487,2.409074593878699,0,178,1,498,0.0,0.22084367245657568
RAR0725,171,7.0,0.0,0,0,1,241,0.0,0.0
RAS0432,603,9.447761194029852,2.362885953501716,0,0,1,497,0.0,0.0
RAW0915,762,10.255905511811024,2.663595631627734,0,94,28,499,0.0,0.12335958005249344
RBB0485,346,8.0,0.0,0,0,1,497,0.0,0.0
RCC0617,346,7.592485549132948,0.49208359849370026,0,0,1,497,0.0,0.0
RCP0785,346,8.0,0.0,0,0,1,497,0.0,0.0
RDM0115,346,7.0,0.0,0,0,1,497,0.0,0.0
RDM0150,346,8.0,0.0,0,0,1,497,0.0,0.0
RDT0424,690,9.82463768115942,2.7195420192587965,0,0,3,497,0.0,0.0
RFP0380,346,7.5491329479768785,0.4983007062686204,0,0,1,496,0.0,0.0
RGG0064,401,9.00498753117207,2.505987841619377,2,0,1,315,0.004987531172069825,0.0
RGH0728,281,7.519572953736655,0.5005081302124315,0,0,1,402,0.0,0.0
RGN0408,345,7.501449275362319,0.5007241133410288,0,0,1,497,0.0,0.0
RHC0335,346,7.0,0.0,0,0,1,497,0.0,0.0
RHL0992,321,11.009345794392523,2.3959418572197393,0,0,4,249,0.0,0.0
RHO0732,813,10.238622386223863,3.808809346989552,40,3,3,497,0.04920049200492005,0.0036900369003690036
RHP0484,653,10.027565084226646,2.327978608045018,0,0,3,497,0.0,0.0
RHY0079,358,9.167597765363128,1.058438327015718,0,0,2,497,0.0,0.0
RIH0777,346,8.0,0.0,0,0,1,496,0.0,0.0
RJB0088,346,7.0,0.0,0,0,1,497,0.0,0.0
RJM0381,364,7.785714285714286,1.2390409006179621,0,0,3,496,0.0,0.0
RKD0604,154,7.6688311688311686,2.0001803670473075,2,0,1,212,0.012987012987012988,0.0
RKF0164,335,7.0,0.0,0,0,1,480,0.0,0.0
RLB0719,364,7.076923076923077,1.9553177852843917,14,1,1,497,0.038461538461538464,0.0027472527472527475
RLG0856,651,9.302611367127497,3.1239485765185253,15,2,1,497,0.02304147465437788,0.0030721966205837174
RMS0266,346,7.0,0.0,0,0,1,496,0.0,0.0
RMW0542,161,7.509316770186335,0.5014729855929462,0,0,1,226,0.0,0.0
RNF0765,346,8.0,0.0,0,0,1,497,0.0,0.0
RNL0695,614,10.535830618892508,2.3856257028506667,0,0,1,497,0.0,0.0
RNP0211,625,9.1984,2.5392427702277387,0,0,1,497,0.0,0.0
ROB0272,345,7.0,0.0,0,0,1,497,0.0,0.0
RRA0938,608,8.842105263157896,2.2286298364051516,0,0,1,497,0.0,0.0
RRC0553,135,9.437037037037037,2.3708661034962666,0,23,2,89,0.0,0.17037037037037037
RRP0568,649,10.594761171032358,2.39805161009158,0,0,2,497,0.0,0.0
RSC0089,815,9.628220858895705,3.5779063580445163,33,37,27,497,0.04049079754601227,0.04539877300613497
RSM0277,740,9.278378378378378,2.690295810521779,0,0,3,497,0.0,0.0
RTO0313,722,9.477839335180056,3.679637229104604,38,5,2,497,0.05263157894736842,0.006925207756232687
RUM0880,660,9.353030303030303,3.2968334325429813,23,4,2,497,0.03484848484848485,0.006060606060606061
RVC0232,346,7.546242774566474,0.49857802321953254,0,0,1,497,0.0,0.0
RVF0201,635,9.009448818897638,2.3522401253681853,0,0,2,497,0.0,0.0
RYB0718,346,7.0,0.0,0,0,1,497,0.0,0.0
RZC0746,925,9.709189189189189,2.4790839085954763,0,241,10,499,0.0,0.26054054054054054
SAA0999,630,9.93968253968254,2.279272726066373,0,0,2,497,0.0,0.0
SAB0781,622,10.054662379421222,2.403078232288469,0,0,1,497,0.0,0.0
SAC0592,614,10.02442996742671,2.40805931707107,0,0,1,497,0.0,0.0
SAC0687,346,8.514450867052023,0.5005149396624767,0,0,1,496,0.0,0.0
SAH0599,346,8.0,0.0,0,0,1,497,0.0,0.0
SAK0375,1414,11.376237623762377,7.381133616434873,489,0,629,497,0.34582743988684583,0.0
SAP0867,146,7.0,0.0,0,0,1,206,0.0,0.0
SAT0194,346,8.0,0.0,0,0,1,497,0.0,0.0
SBD0913,346,7.0,0.0,0,0,1,497,0.0,0.0
SBH0537,694,10.497118155619596,2.352578100217043,0,53,1,497,0.0,0.07636887608069164
SBK0161,707,10.895332390381895,3.2261885608490632,0,0,3,497,0.0,0.0
SBN0495,346,8.0,0.0,0,0,1,497,0.0,0.0
SBN0866,372,7.411290322580645,2.8484036199829497,13,1,1,497,0.03494623655913978,0.002688172043010753
SBN0971,449,7.0,0.0,0,94,1,498,0.0,0.20935412026726058
SBQ0786,346,8.0,0.0,0,0,1,496,0.0,0.0
SCB0534,346,8.523121387283236,0.5001884540553129,0,0,1,496,0.0,0.0
SCF0608,346,7.523121387283237,0.5001884540553125,0,0,1,497,0.0,0.0
SCP0130,459,9.396514161220043,2.123806843379783,0,0,2,496,0.0,0.0
SDB0106,696,11.364942528735632,2.6804124555642748,0,0,3,497,0.0,0.0
SDF0017,346,7.517341040462428,0.5004228755450425,0,0,1,497,0.0,0.0
SDO0170,607,9.052718286655685,2.452961103703483,0,0,1,497,0.0,0.0
SED0886,718,11.181058495821727,3.032244749771181,21,2,2,497,0.02924791086350975,0.002785515320334262
SEJ0677,176,7.556818181818182,0.4981785003207368,0,0,1,249,0.0,0.0
SER0165,346,7.0,0.0,0,0,1,497,0.0,0.0
SES0477,622,9.90032154340836,2.2478545633535187,0,0,1,497,0.0,0.0
SGB0140,728,11.016483516483516,2.833723569431838,0,0,3,497,0.0,0.0
SGG0787,602,9.915282392026578,2.3370984050877746,0,0,1,497,0.0,0.0
SGM0021,625,9.12,2.467091093076715,0,0,1,497,0.0,0.0
SGS0268,346,7.0,0.0,0,0,1,497,0.0,0.0
SHR0334,346,7.0,0.0,0,0,1,496,0.0,0.0
SHW0578,346,8.0,0.0,0,0,1,496,0.0,0.0
SIJ0661,346,7.554913294797688,0.49769511474699624,0,0,1,497,0.0,0.0
SJC0333,457,8.227571115973742,2.7602808638314444,0,0,2,497,0.0,0.0
SJF0094,346,7.0,0.0,0,0,1,497,0.0,0.0
SJO0209,753,9.447543160690572,2.6286519568343856,0,0,3,497,0.0,0.0
SJW0451,346,7.497109826589595,0.5007157480716242,0,0,1,497,0.0,0.0
SKG0759,346,8.0,0.0,0,0,1,497,0.0,0.0
SLB0049,346,8.0,0.0,0,0,1,496,0.0,0.0
SLP0762,346,8.0,0.0,0,0,1,496,0.0,0.0
SLT0907,173,9.0,0.0,0,0,1,246,0.0,0.0
SMB0804,346,8.0,0.0,0,0,1,497,0.0,0.0
SMH0291,957,10.77742946708464,2.5653778821717097,0,251,3,499,0.0,0.26227795193312436
SMW0084,346,7.540462427745664,0.49908184107567016,0,0,1,497,0.0,0.0
SMY0792,686,10.13265306122449,2.4952300689467526,0,0,20,497,0.0,0.0
SNC0187,300,7.0,0.0,0,0,1,430,0.0,0.0
SNS0129,346,7.0,0.0,0,0,1,497,0.0,0.0
SOB0360,890,10.68314606741573,7.315380286854201,332,0,479,319,0.37303370786516854,0.0
SOB0586,346,8.0,0.0,0,0,1,496,0.0,0.0
SOF0808,346,8.0,0.0,0,0,1,496,0.0,0.0
SOG0411,346,7.554913294797688,0.4976951147469963,0,0,1,497,0.0,0.0
SPA0141,688,9.273255813953488,3.7077808558198506,42,5,1,497,0.061046511627906974,0.007267441860465116
SRH0155,742,9.057951482479785,3.2457816673215834,16,27,3,497,0.0215633423180593,0.03638814016172507
SRS0231,346,7.505780346820809,0.5006906514248366,0,0,1,496,0.0,0.0
SSG0250,626,9.547923322683706,2.346422741219319,0,0,1,497,0.0,0.0
SSH0799,737,10.260515603799186,2.535610777781206,0,0,3,497,0.0,0.0
SSJ0784,908,10.201541850220265,3.6148837616379885,50,210,1,499,0.05506607929515418,0.23127753303964757
SSR0278,196,9.0,0.0,0,0,1,277,0.0,0.0
SSS0345,346,7.0,0.0,0,0,1,497,0.0,0.0
SVL0803,346,8.0,0.0,0,0,1,497,0.0,0.0
SVL0940,346,7.0,0.0,0,0,1,497,0.0,0.0
SVS0871,738,9.7289972899729,2.9678968559601517,0,0,3,497,0.0,0.0
SXM0895,346,9.0,0.0,0,0,1,496,0.0,0.0
TAC0300,346,8.540462427745664,0.49908184107566966,0,0,1,496,0.0,0.0
TAP0551,417,9.606714628297363,2.6887860067327494,3,1,3,317,0.007194244604316547,0.002398081534772182
TBT0461,346,7.534682080924855,0.4995180721771724,0,0,1,497,0.0,0.0
TCD0009,346,8.0,0.0,0,0,1,496,0.0,0.0
TDG0962,747,9.275769745649264,2.436648093349976,0,0,2,497,0.0,0.0
TDJ0998,622,9.913183279742766,2.2491049918269814,0,0,1,497,0.0,0.0
TDS0984,836,9.375598086124402,2.730633977177039,0,161,39,498,0.0,0.19258373205741627
TEB0251,636,9.60377358490566,2.420434965594248,0,0,2,497,0.0,0.0
TEM0093,247,7.0,0.0,0,0,1,352,0.0,0.0
TEM0977,346,7.517341040462428,0.5004228755450428,0,0,1,496,0.0,0.0
TET0621,469,8.727078891257996,2.6030332807816507,0,0,3,497,0.0,0.0
THD0448,346,7.528901734104046,0.49988689346476534,0,0,1,497,0.0,0.0
THR0873,370,7.348648648648648,2.2787009114180283,8,1,2,497,0.021621621621621623,0.002702702702702703
TIW0299,346,8.517341040462428,0.5004228755450424,0,0,1,497,0.0,0.0
TJB0302,346,8.572254335260116,0.4954682797975056,0,0,1,497,0.0,0.0
TJD0996,346,8.0,0.0,0,0,1,497,0.0,0.0
TJG0582,346,8.0,0.0,0,0,1,497,0.0,0.0
TLH0648,346,9.0,0.0,0,0,1,497,0.0,0.0
TLK0993,346,9.0,0.0,0,0,1,497,0.0,0.0
TLM0797,346,8.0,0.0,0,0,1,496,0.0,0.0
TMA0069,346,7.526011560693641,0.5000460731055506,0,0,1,497,0.0,0.0
TNM0961,477,8.88888888888889,2.297747852008548,0,0,3,343,0.0,0.0
TOR0193,639,10.043818466353677,2.4077894370695025,0,0,3,497,0.0,0.0
TPH0474,346,7.511560693641618,0.5005902522557052,0,0,1,497,0.0,0.0
TQS0212,352,7.019886363636363,0.2766342039164404,0,0,7,497,0.0,0.0
TRK0914,345,8.0,0.0,0,0,1,497,0.0,0.0
TSB0437,346,7.528901734104046,0.4998868934647655,0,0,1,497,0.0,0.0
TSG0906,608,10.837171052631579,2.2175278747156484,0,0,1,497,0.0,0.0
TSM0363,1397,10.880458124552613,7.396711715524602,518,0,624,497,0.3707945597709377,0.0
TSM0927,346,8.0,0.0,0,0,1,497,0.0,0.0
TSR0676,619,9.51534733441034,2.3478297492082247,0,0,1,497,0.0,0.0
TTD1000,346,8.0,0.0,0,0,1,497,0.0,0.0
TUC0632,346,9.0,0.0,0,0,1,497,0.0,0.0
TVS0006,630,10.157142857142857,2.5178039669139056,0,0,3,497,0.0,0.0
TVS0050,806,9.35483870967742,3.6794740592692174,53,7,3,497,0.06575682382133995,0.008684863523573201
TYB0779,616,10.027597402597403,2.407485225800675,0,0,1,497,0.0,0.0
UAD0771,647,10.180834621329211,2.489557867079283,0,0,2,497,0.0,0.0
UBF0645,346,9.0,0.0,0,0,1,497,0.0,0.0
UCH0519,279,8.551971326164875,0.49818525262942487,0,0,1,400,0.0,0.0
UCS0227,346,7.526011560693641,0.5000460731055506,0,0,1,497,0.0,0.0
UFK0208,704,9.355113636363637,2.5876447852673525,0,0,2,497,0.0,0.0
UIR0043,1430,10.812587412587412,7.595244240844267,536,0,631,497,0.3748251748251748,0.0
UJC0737,346,7.5491329479768785,0.4983007062686206,0,0,1,497,0.0,0.0
USH0199,349,7.0,0.0,0,0,4,497,0.0,0.0
VAA0087,691,9.371924746743849,2.636811683681319,0,0,3,497,0.0,0.0
VCC0396,698,9.7621776504298,3.458406573233381,34,3,2,497,0.04871060171919771,0.004297994269340974
VCY0751,620,9.558064516129033,2.435238633276126,0,0,1,497,0.0,0.0
VEB0935,346,7.0,0.0,0,0,1,497,0.0,0.0
VFM0814,476,10.32563025210084,2.6367952282326086,0,0,2,343,0.0,0.0
VIA0063,346,7.505780346820809,0.5006906514248364,0,0,1,497,0.0,0.0
VLB0647,346,9.0,0.0,0,0,1,497,0.0,0.0
VMJ0147,346,8.0,0.0,0,0,1,497,0.0,0.0
VMJ0546,616,9.537337662337663,2.3750536951623733,0,0,1,497,0.0,0.0
VSA0230,560,10.028571428571428,3.062714446405307,0,0,3,424,0.0,0.0
VSS0154,213,8.0,0.0,0,0,1,303,0.0,0.0
VTT0385,379,7.680738786279683,1.0842418573048438,0,0,32,497,0.0,0.0
WAB0143,254,7.0,0.0,0,0,1,366,0.0,0.0
WAS0254,617,9.111831442463533,2.4913107534475767,0,0,1,497,0.0,0.0
WBC0192,653,9.03522205206738,2.426271690086291,0,0,3,497,0.0,0.0
WBC0315,346,7.0,0.0,0,0,1,497,0.0,0.0
WDD0366,1450,11.015172413793103,6.7597878429561815,427,0,570,442,0.2944827586206897,0.0
WDO0870,438,7.780821917808219,4.111979180185961,50,3,21,497,0.1141552511415525,0.00684931506849315
WDV0573,491,9.54786150712831,4.549416929355575,45,6,3,496,0.09164969450101833,0.012219959266802444
WGR0833,346,8.0,0.0,0,0,1,497,0.0,0.0
WGS0516,346,8.540462427745664,0.4990818410756702,0,0,1,497,0.0,0.0
WIF0691,616,10.542207792207792,2.4497893048286827,0,0,2,497,0.0,0.0
WIQ0567,798,10.578947368421053,2.3894703968982434,0,174,1,498,0.0,0.21804511278195488
WJD0576,346,8.0,0.0,0,0,1,497,0.0,0.0
WKD0013,407,9.501228501228502,3.216241643553473,25,4,3,497,0.06142506142506143,0.009828009828009828
WKF0012,346,7.0,0.0,0,0,1,497,0.0,0.0
WLV0566,346,8.53757225433526,0.4993083932558839,0,0,1,497,0.0,0.0
WNB0908,608,10.850328947368421,2.2530886485748725,0,0,1,497,0.0,0.0
WPE0538,346,8.0,0.0,0,0,1,497,0.0,0.0
WPR0368,1735,10.680691642651297,7.102605365748708,619,325,720,499,0.3567723342939481,0.1873198847262248
WRM0963,324,8.972222222222221,2.337439259322404,0,0,3,247,0.0,0.0
WSR0241,421,8.546318289786223,2.7326712874250108,0,0,30,497,0.0,0.0
WTF0387,346,7.554913294797688,0.4976951147469961,0,0,1,496,0.0,0.0
WTR0563,346,8.520231213872833,0.5003140506559249,0,0,1,497,0.0,0.0
WVB0539,346,7.5520231213872835,0.4980064134824461,0,0,1,497,0.0,0.0
WXH0872,475,8.507368421052632,3.5312720513560594,15,0,3,497,0.031578947368421054,0.0
XAA0104,621,8.932367149758454,2.2800535577643695,0,0,1,497,0.0,0.0
XBN0229,346,7.520231213872832,0.5003140506559253,0,0,1,497,0.0,0.0
XHG0902,346,9.0,0.0,0,0,1,497,0.0,0.0
XHW0498,195,8.0,0.0,0,0,1,275,0.0,0.0
XLB0710,346,7.0,0.0,0,0,1,497,0.0,0.0
XRS0633,612,10.931372549019608,2.3102694123998653,0,0,1,497,0.0,0.0
XWD0923,438,9.988584474885844,2.3999155793573594,0,0,1,359,0.0,0.0
YCE0983,346,7.0,0.0,0,0,1,497,0.0,0.0
YDN0198,622,8.987138263665594,2.360401009254924,0,0,2,497,0.0,0.0
YEV0793,346,8.0,0.0,0,0,1,497,0.0,0.0
YIC0195,726,10.388429752066116,2.7323004858019546,0,142,3,398,0.0,0.19559228650137742
YJF0532,715,10.904895104895106,2.5715347811060605,0,0,3,497,0.0,0.0
YJV0699,346,7.0,0.0,0,0,1,497,0.0,0.0
YWW0660,261,9.0,0.0,0,0,1,375,0.0,0.0
ZCF0590,346,8.0,0.0,0,0,1,497,0.0,0.0
ZDW0859,628,9.19108280254777,2.640945550938368,0,0,18,497,0.0,0.0
ZFM0468,346,7.5491329479768785,0.4983007062686206,0,0,1,496,0.0,0.0
ZJE0857,393,7.300254452926208,1.372627800223237,0,17,2,497,0.0,0.043256997455470736
ZJS0269,346,7.0,0.0,0,0,1,497,0.0,0.0
ZKS0899,385,9.4,1.4310543898352244,0,0,2,496,0.0,0.0
ZMC0284,346,9.0,0.0,0,0,1,497,0.0,0.0
ZSB0649,346,9.0,0.0,0,0,1,497,0.0,0.0
ZSK0258,346,7.0,0.0,0,0,1,497,0.0,0.0
ZSL0305,346,8.540462427745664,0.4990818410756698,0,0,1,497,0.0,0.0
